mean	std
0.04655002213130607	0.2627602101664171
