mean	std
-0.01196918068599421	0.25147776232195523
