best_profit	one_std_profit
69402.613069	1014.8543997425671
