state	expected_discomfort
exposed-1	3.413330070143549
exposed-2	4.266663711237071
exposed-3	5.333330658200509
recovered	-0.0
symptoms-1	6.666664246613136
symptoms-2	4.999999811853579
symptoms-3	1.6666666594698087
