asset	estimated_return
AAPL	0.016153740261041164
AMZN	0.027497523635641435
GOOG	0.02703940722264393
META	0.04337081344351748
SPY	0.01898852343579846
TSLA	0.026376039870424802
