asset	estimated_return
AAPL	0.016967816243106348
AMZN	0.026651179114286435
GOOG	0.030374924782023197
META	0.04510298869949667
SPY	0.020757965221388505
TSLA	0.0361031004637616
