asset	estimated_return
AAPL	0.01696782097986593
AMZN	0.026651179114286435
GOOG	0.030374930340857757
META	0.04510297915256274
SPY	0.020757969030815705
TSLA	0.0361031004637616
