asset	estimated_return
AAPL	0.01615374697874554
AMZN	0.027497523635641435
GOOG	0.027039401988480913
META	0.043370808241743414
SPY	0.018988523299228427
TSLA	0.026376039870424802
