asset	allocation
AAPL	1.53138981244533e+23
AMZN	-2.3775391858803154e+23
GOOG	9.73432477014637e+22
META	8.38855344111684e+22
SPY	-4.627803066647137e+22
TSLA	-5.03358141026622e+22
