asset	allocation
AAPL	2.3149092170260012e-09
AMZN	2.787880696282559e-09
GOOG	2.613198119327576e-09
META	0.9999999893873812
SPY	2.542203160591131e-09
TSLA	3.544278313319916e-10
