asset	allocation
AAPL	1.7582826475796686e-09
AMZN	1.7383656664558305e-10
GOOG	3.7191579583396606e-10
META	0.9999999953572978
SPY	1.7171338606594822e-09
TSLA	6.215333126008372e-10
