asset	allocation
AAPL	0.04786006047389243
AMZN	0.08335106608134164
GOOG	0.11488639055404057
META	-0.2235313712777886
SPY	1.0639302340629477
TSLA	-0.08649637989443369
