asset	allocation
AAPL	0.047859798938780014
AMZN	0.08335227230885804
GOOG	0.11488584324442665
META	-0.22353189156208236
SPY	1.063930332851967
TSLA	-0.08649635578194927
