asset	allocation
AAPL	0.1120423542140527
AMZN	-5.426286982284146e-20
GOOG	0.1216304465899432
META	-9.965049484535157e-20
SPY	0.7663271991960041
TSLA	1.0349118821406379e-20
