asset	allocation
AAPL	0.11204243366532607
AMZN	-5.426316222855734e-20
GOOG	0.12163051182543573
META	-9.965004184187814e-20
SPY	0.7663270545092382
TSLA	1.034859424386195e-20
