state	expected_discomfort
exposed-1	0.7499990712828062
exposed-2	1.4999985671220437
exposed-3	2.9999977901389268
recovered	-0.0
symptoms-1	5.999996593130845
symptoms-2	4.499999719983357
symptoms-3	1.499999988647974
