strategy	regret
uniform	125.83333333333337
just-0	0.0
just-1	70.50000000000006
just-2	307.0
actual	43.44207887673258
